<?xml version="1.0" encoding="UTF-8"?>
<beans xmlns="http://www.springframework.org/schema/beans"
	xmlns:xsi="http://www.w3.org/2001/XMLSchema-instance" xmlns:ctx="http://www.springframework.org/schema/context"
	xmlns:mvc="http://www.springframework.org/schema/mvc"
	xsi:schemaLocation="
		http://www.springframework.org/schema/beans
    	http://www.springframework.org/schema/beans/spring-beans-4.2.xsd
    	http://www.springframework.org/schema/context
    	http://www.springframework.org/schema/context/spring-context-4.2.xsd
    	http://www.springframework.org/schema/mvc
    	http://www.springframework.org/schema/mvc/spring-mvc-4.2.xsd">

	<ctx:component-scan base-package="com.gg.controller" />
	<mvc:annotation-driven />

	<bean id="viewResolver"
		class="org.springframework.web.servlet.view.InternalResourceViewResolver">
		<property name="prefix" value="/WEB-INF/views/" />
		<property name="suffix" value=".jsp" />
	</bean>
	
	<bean id="RestTemplate" class="org.springframework.web.client.RestTemplate"/>

	<mvc:resources mapping="/resources/**" location="/WEB-INF/resources/" />
</beans>